company,category,buyer_role_target,priority_bucket,linkedin_search_query,verify_before_sending,channel_priority,personalization_UA,first_DM_UA,follow_up_1_UA,personalization_RU,first_DM_RU,follow_up_1_RU,status
Mate academy,IT/coding,Head of Admissions / Head of Sales / CMO,A,"""Mate academy"" (""Head of Admissions"" OR ""Head of Sales"")",ЛПР; чи пишуть admissions-дзвінки,LinkedIn > Email,Модель «оплата після працевлаштування» тримається саме на якості admissions-дзвінків.,"[Ім'я], вітаю! Роблю для онлайн-шкіл розбір дзвінків приймальної — де між заявкою й оплатою втрачається виручка. Модель «оплата після працевлаштування» тримається саме на якості admissions-дзвінків. Софт не продаю. Хочу за 15 хв перевірити, чи це релевантно для Mate academy. Знайдемо час цього тижня?","[Ім'я], нагадаю про себе. Якщо тема дзвінків приймальної зараз не на часі — скажіть, не відволікатиму. Якщо актуально — 15 хв вистачить, щоб зрозуміти, чи є сенс.",Модель «оплата после трудоустройства» держится именно на качестве admissions-звонков.,"[Имя], здравствуйте! Делаю для онлайн-школ разбор звонков приёмной — где между заявкой и оплатой теряется выручка. Модель «оплата после трудоустройства» держится именно на качестве admissions-звонков. Софт не продаю. Хочу за 15 мин проверить, релевантно ли это для Mate academy. Найдём время на этой неделе?","[Имя], напомню о себе. Если тема звонков приёмной сейчас не ко времени — скажите, не буду отвлекать. Если актуально — 15 минут хватит, чтобы понять, есть ли смысл.",new
Hillel IT School,IT/coding,Head of Sales,A,"""Hillel IT School"" (""Head of Sales"" OR ""продажів"")",ЛПР; CRM/телефонія,LinkedIn > Email,Ціну ви називаєте в дзвінку — отже діалог менеджера і визначає угоду.,"[Ім'я], вітаю! Роблю для онлайн-шкіл розбір дзвінків приймальної — де між заявкою й оплатою втрачається виручка. Ціну ви називаєте в дзвінку — отже діалог менеджера і визначає угоду. Софт не продаю. Хочу за 15 хв перевірити, чи це релевантно для Hillel IT School. Знайдемо час цього тижня?","[Ім'я], нагадаю про себе. Якщо тема дзвінків приймальної зараз не на часі — скажіть, не відволікатиму. Якщо актуально — 15 хв вистачить, щоб зрозуміти, чи є сенс.",Цену вы называете в звонке — значит диалог менеджера и определяет сделку.,"[Имя], здравствуйте! Делаю для онлайн-школ разбор звонков приёмной — где между заявкой и оплатой теряется выручка. Цену вы называете в звонке — значит диалог менеджера и определяет сделку. Софт не продаю. Хочу за 15 мин проверить, релевантно ли это для Hillel IT School. Найдём время на этой неделе?","[Имя], напомню о себе. Если тема звонков приёмной сейчас не ко времени — скажите, не буду отвлекать. Если актуально — 15 минут хватит, чтобы понять, есть ли смысл.",new
GoIT,IT/coding,CMO / Head of Sales,A,"""GoIT"" (""Head of Sales"" OR ""CMO"")",UA vs глобальна команда; ЛПР,LinkedIn > Email,При вашому потоці заявок навіть невеликий % втрати в дзвінку — це відчутні гроші.,"[Ім'я], вітаю! Роблю для онлайн-шкіл розбір дзвінків приймальної — де між заявкою й оплатою втрачається виручка. При вашому потоці заявок навіть невеликий % втрати в дзвінку — це відчутні гроші. Софт не продаю. Хочу за 15 хв перевірити, чи це релевантно для GoIT. Знайдемо час цього тижня?","[Ім'я], нагадаю про себе. Якщо тема дзвінків приймальної зараз не на часі — скажіть, не відволікатиму. Якщо актуально — 15 хв вистачить, щоб зрозуміти, чи є сенс.",При вашем потоке заявок даже небольшой % потери в звонке — это ощутимые деньги.,"[Имя], здравствуйте! Делаю для онлайн-школ разбор звонков приёмной — где между заявкой и оплатой теряется выручка. При вашем потоке заявок даже небольшой % потери в звонке — это ощутимые деньги. Софт не продаю. Хочу за 15 мин проверить, релевантно ли это для GoIT. Найдём время на этой неделе?","[Имя], напомню о себе. Если тема звонков приёмной сейчас не ко времени — скажите, не буду отвлекать. Если актуально — 15 минут хватит, чтобы понять, есть ли смысл.",new
robot_dreams,IT/coding,Head of Sales,A,"(""robot_dreams"" OR ""robot dreams"") ""Head of Sales""",домен; ЛПР,LinkedIn > Email,"Курс дорогий — довгий діалог дає багато точок, де менеджер відпускає клієнта.","[Ім'я], вітаю! Допомагаю онлайн-школам побачити, де частина заявок не доходить до оплати через самі дзвінки. Курс дорогий — довгий діалог дає багато точок, де менеджер відпускає клієнта. За 15 хв покажу підхід і чесно скажу, чи вам це зараз потрібно. Цікаво коротко перевірити релевантність?","[Ім'я], нагадаю про себе. Якщо тема дзвінків приймальної зараз не на часі — скажіть, не відволікатиму. Якщо актуально — 15 хв вистачить, щоб зрозуміти, чи є сенс.","Курс дорогой — длинный диалог даёт много точек, где менеджер отпускает клиента.","[Имя], здравствуйте! Помогаю онлайн-школам увидеть, где часть заявок не доходит до оплаты из-за самих звонков. Курс дорогой — длинный диалог даёт много точек, где менеджер отпускает клиента. За 15 мин покажу подход и честно скажу, нужно ли вам это сейчас. Интересно коротко проверить релевантность?","[Имя], напомню о себе. Если тема звонков приёмной сейчас не ко времени — скажите, не буду отвлекать. Если актуально — 15 минут хватит, чтобы понять, есть ли смысл.",new
Beetroot Academy,IT/coding,Head of Sales,B,"""Beetroot Academy"" ""Head of Sales""",активність продажів; домен,LinkedIn > Email,Платний курс із дожимом — клієнти легко відкладають рішення на «подумаю».,"[Ім'я], вітаю! Допомагаю онлайн-школам побачити, де частина заявок не доходить до оплати через самі дзвінки. Платний курс із дожимом — клієнти легко відкладають рішення на «подумаю». За 15 хв покажу підхід і чесно скажу, чи вам це зараз потрібно. Цікаво коротко перевірити релевантність?","[Ім'я], нагадаю про себе. Якщо тема дзвінків приймальної зараз не на часі — скажіть, не відволікатиму. Якщо актуально — 15 хв вистачить, щоб зрозуміти, чи є сенс.",Платный курс с дожимом — клиенты легко откладывают решение на «подумаю».,"[Имя], здравствуйте! Помогаю онлайн-школам увидеть, где часть заявок не доходит до оплаты из-за самих звонков. Платный курс с дожимом — клиенты легко откладывают решение на «подумаю». За 15 мин покажу подход и честно скажу, нужно ли вам это сейчас. Интересно коротко проверить релевантность?","[Имя], напомню о себе. Если тема звонков приёмной сейчас не ко времени — скажите, не буду отвлекать. Если актуально — 15 минут хватит, чтобы понять, есть ли смысл.",new
DAN.IT,IT/coding,Head of Sales,B,"(""DAN.IT"" OR ""DAN IT"") ""sales"" Ukraine",статус/домен; ЛПР,Email > LinkedIn,Курс дорогий — одна врятована заявка вже окуповує роботу.,"[Ім'я], вітаю! Допомагаю онлайн-школам побачити, де частина заявок не доходить до оплати через самі дзвінки. Курс дорогий — одна врятована заявка вже окуповує роботу. За 15 хв покажу підхід і чесно скажу, чи вам це зараз потрібно. Цікаво коротко перевірити релевантність?","[Ім'я], нагадаю про себе. Якщо тема дзвінків приймальної зараз не на часі — скажіть, не відволікатиму. Якщо актуально — 15 хв вистачить, щоб зрозуміти, чи є сенс.",Курс дорогой — одна спасённая заявка уже окупает работу.,"[Имя], здравствуйте! Помогаю онлайн-школам увидеть, где часть заявок не доходит до оплаты из-за самих звонков. Курс дорогой — одна спасённая заявка уже окупает работу. За 15 мин покажу подход и честно скажу, нужно ли вам это сейчас. Интересно коротко проверить релевантность?","[Имя], напомню о себе. Если тема звонков приёмной сейчас не ко времени — скажите, не буду отвлекать. Если актуально — 15 минут хватит, чтобы понять, есть ли смысл.",new
FoxmindEd,IT/coding,Owner / Sales,B,"""FoxmindEd"" (founder OR sales) Ukraine",обсяг продажів; домен,Telegram > LinkedIn,Менторський формат — оплата вирішується саме в консультаційному дзвінку.,"[Ім'я], вітаю! Дивлюся для онлайн-шкіл, де в дзвінках із заявками втрачаються оплати. Менторський формат — оплата вирішується саме в консультаційному дзвінку. Без продажу софту — 15 хв, щоб зрозуміти, чи релевантно для вас. Відкриті до короткої розмови?","[Ім'я], нагадаю про себе. Якщо тема дзвінків приймальної зараз не на часі — скажіть, не відволікатиму. Якщо актуально — 15 хв вистачить, щоб зрозуміти, чи є сенс.",Менторский формат — оплата решается именно в консультационном звонке.,"[Имя], здравствуйте! Смотрю для онлайн-школ, где в звонках с заявками теряются оплаты. Менторский формат — оплата решается именно в консультационном звонке. Без продажи софта — 15 мин, чтобы понять, релевантно ли для вас. Открыты к короткому разговору?","[Имя], напомню о себе. Если тема звонков приёмной сейчас не ко времени — скажите, не буду отвлекать. Если актуально — 15 минут хватит, чтобы понять, есть ли смысл.",new
Computer Academy STEP / IT STEP,IT/coding,Head of Sales,B,"(""IT STEP"" OR ""Computer Academy STEP"") ""продажів""",централізація продажів; ЛПР,LinkedIn > Email,При мережі менеджерів якість дзвінків неоднорідна — і це помітно впливає на виручку.,"[Ім'я], вітаю! Роблю для онлайн-шкіл розбір дзвінків приймальної — де між заявкою й оплатою втрачається виручка. При мережі менеджерів якість дзвінків неоднорідна — і це помітно впливає на виручку. Софт не продаю. Хочу за 15 хв перевірити, чи це релевантно для Computer Academy STEP / IT STEP. Знайдемо час цього тижня?","[Ім'я], нагадаю про себе. Якщо тема дзвінків приймальної зараз не на часі — скажіть, не відволікатиму. Якщо актуально — 15 хв вистачить, щоб зрозуміти, чи є сенс.",При сети менеджеров качество звонков неоднородно — и это заметно влияет на выручку.,"[Имя], здравствуйте! Делаю для онлайн-школ разбор звонков приёмной — где между заявкой и оплатой теряется выручка. При сети менеджеров качество звонков неоднородно — и это заметно влияет на выручку. Софт не продаю. Хочу за 15 мин проверить, релевантно ли это для Computer Academy STEP / IT STEP. Найдём время на этой неделе?","[Имя], напомню о себе. Если тема звонков приёмной сейчас не ко времени — скажите, не буду отвлекать. Если актуально — 15 минут хватит, чтобы понять, есть ли смысл.",new
Powercode Academy,IT/coding,Sales / Owner,C,"""Powercode Academy"" ""sales"" Ukraine",існування/статус; домен,Email > Telegram,Курс дорогий — ефект помітний уже з однієї врятованої заявки.,"[Ім'я], вітаю! Дивлюся для онлайн-шкіл, де в дзвінках із заявками втрачаються оплати. Курс дорогий — ефект помітний уже з однієї врятованої заявки. Без продажу софту — 15 хв, щоб зрозуміти, чи релевантно для вас. Відкриті до короткої розмови?","[Ім'я], нагадаю про себе. Якщо тема дзвінків приймальної зараз не на часі — скажіть, не відволікатиму. Якщо актуально — 15 хв вистачить, щоб зрозуміти, чи є сенс.",Курс дорогой — эффект заметен уже с одной спасённой заявки.,"[Имя], здравствуйте! Смотрю для онлайн-школ, где в звонках с заявками теряются оплаты. Курс дорогой — эффект заметен уже с одной спасённой заявки. Без продажи софта — 15 мин, чтобы понять, релевантно ли для вас. Открыты к короткому разговору?","[Имя], напомню о себе. Если тема звонков приёмной сейчас не ко времени — скажите, не буду отвлекать. Если актуально — 15 минут хватит, чтобы понять, есть ли смысл.",new
Ш++ (Sh++),IT/coding,Owner / Sales,C,"(""Ш++"" OR ""Sh++"") (founder OR sales)",розмір; чи є відділ продажів,Telegram > Instagram,Якщо продаж іде через менеджера — саме там і вирішується оплата.,"[Ім'я], вітаю! Дивлюся для онлайн-шкіл, де в дзвінках із заявками втрачаються оплати. Якщо продаж іде через менеджера — саме там і вирішується оплата. Без продажу софту — 15 хв, щоб зрозуміти, чи релевантно для вас. Відкриті до короткої розмови?","[Ім'я], нагадаю про себе. Якщо тема дзвінків приймальної зараз не на часі — скажіть, не відволікатиму. Якщо актуально — 15 хв вистачить, щоб зрозуміти, чи є сенс.",Если продажа идёт через менеджера — именно там и решается оплата.,"[Имя], здравствуйте! Смотрю для онлайн-школ, где в звонках с заявками теряются оплаты. Если продажа идёт через менеджера — именно там и решается оплата. Без продажи софта — 15 мин, чтобы понять, релевантно ли для вас. Открыты к короткому разговору?","[Имя], напомню о себе. Если тема звонков приёмной сейчас не ко времени — скажите, не буду отвлекать. Если актуально — 15 минут хватит, чтобы понять, есть ли смысл.",new
Logos IT Academy,IT/coding,Head of Sales,C,"""Logos IT Academy"" ""sales"" Ukraine",статус; ЛПР,Email > LinkedIn,У форматі онлайн+офлайн втрати розподілені по точках контакту — їх важко побачити без зрізу.,"[Ім'я], вітаю! Допомагаю онлайн-школам побачити, де частина заявок не доходить до оплати через самі дзвінки. У форматі онлайн+офлайн втрати розподілені по точках контакту — їх важко побачити без зрізу. За 15 хв покажу підхід і чесно скажу, чи вам це зараз потрібно. Цікаво коротко перевірити релевантність?","[Ім'я], нагадаю про себе. Якщо тема дзвінків приймальної зараз не на часі — скажіть, не відволікатиму. Якщо актуально — 15 хв вистачить, щоб зрозуміти, чи є сенс.",В формате онлайн+офлайн потери распределены по точкам контакта — их трудно увидеть без среза.,"[Имя], здравствуйте! Помогаю онлайн-школам увидеть, где часть заявок не доходит до оплаты из-за самих звонков. В формате онлайн+офлайн потери распределены по точкам контакта — их трудно увидеть без среза. За 15 мин покажу подход и честно скажу, нужно ли вам это сейчас. Интересно коротко проверить релевантность?","[Имя], напомню о себе. Если тема звонков приёмной сейчас не ко времени — скажите, не буду отвлекать. Если актуально — 15 минут хватит, чтобы понять, есть ли смысл.",new
Neoversity (GoIT),IT/coding,Head of Sales,B,"""Neoversity"" (sales OR admissions)",окрема воронка від GoIT; ЛПР,LinkedIn > Email,На запуску нового продукту воронка продажів зазвичай найвразливіша.,"[Ім'я], вітаю! Допомагаю онлайн-школам побачити, де частина заявок не доходить до оплати через самі дзвінки. На запуску нового продукту воронка продажів зазвичай найвразливіша. За 15 хв покажу підхід і чесно скажу, чи вам це зараз потрібно. Цікаво коротко перевірити релевантність?","[Ім'я], нагадаю про себе. Якщо тема дзвінків приймальної зараз не на часі — скажіть, не відволікатиму. Якщо актуально — 15 хв вистачить, щоб зрозуміти, чи є сенс.",На запуске нового продукта воронка продаж обычно наиболее уязвима.,"[Имя], здравствуйте! Помогаю онлайн-школам увидеть, где часть заявок не доходит до оплаты из-за самих звонков. На запуске нового продукта воронка продаж обычно наиболее уязвима. За 15 мин покажу подход и честно скажу, нужно ли вам это сейчас. Интересно коротко проверить релевантность?","[Имя], напомню о себе. Если тема звонков приёмной сейчас не ко времени — скажите, не буду отвлекать. Если актуально — 15 минут хватит, чтобы понять, есть ли смысл.",new
TestPro (QA school),IT/coding,Owner / Head of Sales,C,"""TestPro"" (QA OR sales) Ukraine",існування/модель; домен,Telegram > Email,"Вузька QA-аудиторія — кожна заявка дорога, тож втрата в дзвінку коштує особливо багато.","[Ім'я], вітаю! Дивлюся для онлайн-шкіл, де в дзвінках із заявками втрачаються оплати. Вузька QA-аудиторія — кожна заявка дорога, тож втрата в дзвінку коштує особливо багато. Без продажу софту — 15 хв, щоб зрозуміти, чи релевантно для вас. Відкриті до короткої розмови?","[Ім'я], нагадаю про себе. Якщо тема дзвінків приймальної зараз не на часі — скажіть, не відволікатиму. Якщо актуально — 15 хв вистачить, щоб зрозуміти, чи є сенс.","Узкая QA-аудитория — каждая заявка дорогая, поэтому потеря в звонке стоит особенно много.","[Имя], здравствуйте! Смотрю для онлайн-школ, где в звонках с заявками теряются оплаты. Узкая QA-аудитория — каждая заявка дорогая, поэтому потеря в звонке стоит особенно много. Без продажи софта — 15 мин, чтобы понять, релевантно ли для вас. Открыты к короткому разговору?","[Имя], напомню о себе. Если тема звонков приёмной сейчас не ко времени — скажите, не буду отвлекать. Если актуально — 15 минут хватит, чтобы понять, есть ли смысл.",new
ITVDN / CyberBionic,IT/coding,Head of Sales,C,"(""ITVDN"" OR ""CyberBionic"") ""продажів""",чи є дзвінки vs self-serve,Email > LinkedIn,Великий каталог — без кваліфікації в дзвінку клієнт не знаходить «свій» курс.,"[Ім'я], вітаю! Дивлюся для онлайн-шкіл, де в дзвінках із заявками втрачаються оплати. Великий каталог — без кваліфікації в дзвінку клієнт не знаходить «свій» курс. Без продажу софту — 15 хв, щоб зрозуміти, чи релевантно для вас. Відкриті до короткої розмови?","[Ім'я], нагадаю про себе. Якщо тема дзвінків приймальної зараз не на часі — скажіть, не відволікатиму. Якщо актуально — 15 хв вистачить, щоб зрозуміти, чи є сенс.",Большой каталог — без квалификации в звонке клиент не находит «свой» курс.,"[Имя], здравствуйте! Смотрю для онлайн-школ, где в звонках с заявками теряются оплаты. Большой каталог — без квалификации в звонке клиент не находит «свой» курс. Без продажи софта — 15 мин, чтобы понять, релевантно ли для вас. Открыты к короткому разговору?","[Имя], напомню о себе. Если тема звонков приёмной сейчас не ко времени — скажите, не буду отвлекать. Если актуально — 15 минут хватит, чтобы понять, есть ли смысл.",new
SoftServe IT Academy,IT/coding,Head of Sales / Program Lead,B,"""SoftServe IT Academy"" (sales OR admissions)",чи є комерційні дзвінки (vs free),LinkedIn > Email,"Великий потік кандидатів — відповідно, і простір для помилок на дзвінках відбору великий.","[Ім'я], вітаю! Допомагаю онлайн-школам побачити, де частина заявок не доходить до оплати через самі дзвінки. Великий потік кандидатів — відповідно, і простір для помилок на дзвінках відбору великий. За 15 хв покажу підхід і чесно скажу, чи вам це зараз потрібно. Цікаво коротко перевірити релевантність?","[Ім'я], нагадаю про себе. Якщо тема дзвінків приймальної зараз не на часі — скажіть, не відволікатиму. Якщо актуально — 15 хв вистачить, щоб зрозуміти, чи є сенс.","Большой поток кандидатов — соответственно, и пространство для ошибок на звонках отбора большое.","[Имя], здравствуйте! Помогаю онлайн-школам увидеть, где часть заявок не доходит до оплаты из-за самих звонков. Большой поток кандидатов — соответственно, и пространство для ошибок на звонках отбора большое. За 15 мин покажу подход и честно скажу, нужно ли вам это сейчас. Интересно коротко проверить релевантность?","[Имя], напомню о себе. Если тема звонков приёмной сейчас не ко времени — скажите, не буду отвлекать. Если актуально — 15 минут хватит, чтобы понять, есть ли смысл.",new
Laba,professional,Commercial Director / Head of Sales,A,"(""Laba"" OR ""Laba Group"") (""Head of Sales"" OR ""комерційний директор"")",ЛПР; чи пишуть дзвінки,LinkedIn > Email,"У вас десятки програм — менеджеру важливо точно кваліфікувати потребу, і саме тут найбільший ризик втрати.","[Ім'я], вітаю! Роблю для онлайн-шкіл розбір дзвінків приймальної — де між заявкою й оплатою втрачається виручка. У вас десятки програм — менеджеру важливо точно кваліфікувати потребу, і саме тут найбільший ризик втрати. Софт не продаю. Хочу за 15 хв перевірити, чи це релевантно для Laba. Знайдемо час цього тижня?","[Ім'я], нагадаю про себе. Якщо тема дзвінків приймальної зараз не на часі — скажіть, не відволікатиму. Якщо актуально — 15 хв вистачить, щоб зрозуміти, чи є сенс.","У вас десятки программ — менеджеру важно точно квалифицировать потребность, и именно здесь наибольший риск потери.","[Имя], здравствуйте! Делаю для онлайн-школ разбор звонков приёмной — где между заявкой и оплатой теряется выручка. У вас десятки программ — менеджеру важно точно квалифицировать потребность, и именно здесь наибольший риск потери. Софт не продаю. Хочу за 15 мин проверить, релевантно ли это для Laba. Найдём время на этой неделе?","[Имя], напомню о себе. Если тема звонков приёмной сейчас не ко времени — скажите, не буду отвлекать. Если актуально — 15 минут хватит, чтобы понять, есть ли смысл.",new
Skvot,professional,Head of Sales / Producer,B,"(""Skvot"" OR ""SKVOT"") (""Head of Sales"" OR продюсер)",окрема/спільна воронка з Laba Group,LinkedIn > Instagram,У креативі рішення емоційне — і один слабкий дзвінок легко втрачає угоду.,"[Ім'я], вітаю! Допомагаю онлайн-школам побачити, де частина заявок не доходить до оплати через самі дзвінки. У креативі рішення емоційне — і один слабкий дзвінок легко втрачає угоду. За 15 хв покажу підхід і чесно скажу, чи вам це зараз потрібно. Цікаво коротко перевірити релевантність?","[Ім'я], нагадаю про себе. Якщо тема дзвінків приймальної зараз не на часі — скажіть, не відволікатиму. Якщо актуально — 15 хв вистачить, щоб зрозуміти, чи є сенс.",В креативе решение эмоциональное — и один слабый звонок легко теряет сделку.,"[Имя], здравствуйте! Помогаю онлайн-школам увидеть, где часть заявок не доходит до оплаты из-за самих звонков. В креативе решение эмоциональное — и один слабый звонок легко теряет сделку. За 15 мин покажу подход и честно скажу, нужно ли вам это сейчас. Интересно коротко проверить релевантность?","[Имя], напомню о себе. Если тема звонков приёмной сейчас не ко времени — скажите, не буду отвлекать. Если актуально — 15 минут хватит, чтобы понять, есть ли смысл.",new
IAMPM,professional,CEO / Head of Sales,A,"""IAMPM"" (""Head of Sales"" OR founder)",ЛПР у LinkedIn; домен,LinkedIn > Email,"У дорогому продукті діалог довгий, і точок, де менеджер відпускає клієнта, багато.","[Ім'я], вітаю! Допомагаю онлайн-школам побачити, де частина заявок не доходить до оплати через самі дзвінки. У дорогому продукті діалог довгий, і точок, де менеджер відпускає клієнта, багато. За 15 хв покажу підхід і чесно скажу, чи вам це зараз потрібно. Цікаво коротко перевірити релевантність?","[Ім'я], нагадаю про себе. Якщо тема дзвінків приймальної зараз не на часі — скажіть, не відволікатиму. Якщо актуально — 15 хв вистачить, щоб зрозуміти, чи є сенс.","В дорогом продукте диалог длинный, и точек, где менеджер отпускает клиента, много.","[Имя], здравствуйте! Помогаю онлайн-школам увидеть, где часть заявок не доходит до оплаты из-за самих звонков. В дорогом продукте диалог длинный, и точек, где менеджер отпускает клиента, много. За 15 мин покажу подход и честно скажу, нужно ли вам это сейчас. Интересно коротко проверить релевантность?","[Имя], напомню о себе. Если тема звонков приёмной сейчас не ко времени — скажите, не буду отвлекать. Если актуально — 15 минут хватит, чтобы понять, есть ли смысл.",new
Genius.Space / GeniusMarketing,professional,Owner / Commercial Director,B,"(""Genius.Space"" OR ""GeniusMarketing"") (CEO OR комерційний)",поточний статус/бренд; ЛПР,Instagram > LinkedIn,Запуски хвилями — на піку відділ продажів перевантажений і втрачає найбільше.,"[Ім'я], вітаю! Допомагаю онлайн-школам побачити, де частина заявок не доходить до оплати через самі дзвінки. Запуски хвилями — на піку відділ продажів перевантажений і втрачає найбільше. За 15 хв покажу підхід і чесно скажу, чи вам це зараз потрібно. Цікаво коротко перевірити релевантність?","[Ім'я], нагадаю про себе. Якщо тема дзвінків приймальної зараз не на часі — скажіть, не відволікатиму. Якщо актуально — 15 хв вистачить, щоб зрозуміти, чи є сенс.",Запуски волнами — на пике отдел продаж перегружен и теряет больше всего.,"[Имя], здравствуйте! Помогаю онлайн-школам увидеть, где часть заявок не доходит до оплаты из-за самих звонков. Запуски волнами — на пике отдел продаж перегружен и теряет больше всего. За 15 мин покажу подход и честно скажу, нужно ли вам это сейчас. Интересно коротко проверить релевантность?","[Имя], напомню о себе. Если тема звонков приёмной сейчас не ко времени — скажите, не буду отвлекать. Если актуально — 15 минут хватит, чтобы понять, есть ли смысл.",new
Projector (Prjctr),professional,Head of Sales / Owner,B,"(""Projector"" OR ""Prjctr"") ""sales"" Ukraine",відділ продажів vs self-serve; домен,LinkedIn > Instagram,"Програми недешеві, рішення довге — і саме дзвінок часто визначає, купить людина чи піде.","[Ім'я], вітаю! Допомагаю онлайн-школам побачити, де частина заявок не доходить до оплати через самі дзвінки. Програми недешеві, рішення довге — і саме дзвінок часто визначає, купить людина чи піде. За 15 хв покажу підхід і чесно скажу, чи вам це зараз потрібно. Цікаво коротко перевірити релевантність?","[Ім'я], нагадаю про себе. Якщо тема дзвінків приймальної зараз не на часі — скажіть, не відволікатиму. Якщо актуально — 15 хв вистачить, щоб зрозуміти, чи є сенс.","Программы недешёвые, решение долгое — и именно звонок часто определяет, купит человек или уйдёт.","[Имя], здравствуйте! Помогаю онлайн-школам увидеть, где часть заявок не доходит до оплаты из-за самих звонков. Программы недешёвые, решение долгое — и именно звонок часто определяет, купит человек или уйдёт. За 15 мин покажу подход и честно скажу, нужно ли вам это сейчас. Интересно коротко проверить релевантность?","[Имя], напомню о себе. Если тема звонков приёмной сейчас не ко времени — скажите, не буду отвлекать. Если актуально — 15 минут хватит, чтобы понять, есть ли смысл.",new
Choice,professional,Owner / Head of Sales,C,"""Choice"" (career OR профорієнтація) founder Ukraine",існування/модель; домен,LinkedIn > Email,"Шлях рішення про навчання довгий — якість одного дзвінка визначає, купить людина чи піде думати.","[Ім'я], вітаю! Дивлюся для онлайн-шкіл, де в дзвінках із заявками втрачаються оплати. Шлях рішення про навчання довгий — якість одного дзвінка визначає, купить людина чи піде думати. Без продажу софту — 15 хв, щоб зрозуміти, чи релевантно для вас. Відкриті до короткої розмови?","[Ім'я], нагадаю про себе. Якщо тема дзвінків приймальної зараз не на часі — скажіть, не відволікатиму. Якщо актуально — 15 хв вистачить, щоб зрозуміти, чи є сенс.","Путь решения об обучении долгий — качество одного звонка определяет, купит человек или уйдёт думать.","[Имя], здравствуйте! Смотрю для онлайн-школ, где в звонках с заявками теряются оплаты. Путь решения об обучении долгий — качество одного звонка определяет, купит человек или уйдёт думать. Без продажи софта — 15 мин, чтобы понять, релевантно ли для вас. Открыты к короткому разговору?","[Имя], напомню о себе. Если тема звонков приёмной сейчас не ко времени — скажите, не буду отвлекать. Если актуально — 15 минут хватит, чтобы понять, есть ли смысл.",new
WeStudy,professional,Owner / Producer,B,"""WeStudy"" (founder OR продюсер) Ukraine",власна чи клієнтська воронка,LinkedIn > Telegram,"Ви продаєте через дзвінки самі — отже у вас є власна, вимірна точка втрати.","[Ім'я], вітаю! Дивлюся для онлайн-шкіл, де в дзвінках із заявками втрачаються оплати. Ви продаєте через дзвінки самі — отже у вас є власна, вимірна точка втрати. Без продажу софту — 15 хв, щоб зрозуміти, чи релевантно для вас. Відкриті до короткої розмови?","[Ім'я], нагадаю про себе. Якщо тема дзвінків приймальної зараз не на часі — скажіть, не відволікатиму. Якщо актуально — 15 хв вистачить, щоб зрозуміти, чи є сенс.","Вы продаёте через звонки сами — значит у вас есть своя, измеримая точка потери.","[Имя], здравствуйте! Смотрю для онлайн-школ, где в звонках с заявками теряются оплаты. Вы продаёте через звонки сами — значит у вас есть своя, измеримая точка потери. Без продажи софта — 15 мин, чтобы понять, релевантно ли для вас. Открыты к короткому разговору?","[Имя], напомню о себе. Если тема звонков приёмной сейчас не ко времени — скажите, не буду отвлекать. Если актуально — 15 минут хватит, чтобы понять, есть ли смысл.",new
Setters Education,professional,Head of Sales,B,"(""Setters Education"" OR SETTERS) ""sales""",відділ продажів vs self-serve,Instagram > LinkedIn,"Тренд-аудиторія купує на емоціях — у дзвінку видно, де ця емоція згасає.","[Ім'я], вітаю! Дивлюся для онлайн-шкіл, де в дзвінках із заявками втрачаються оплати. Тренд-аудиторія купує на емоціях — у дзвінку видно, де ця емоція згасає. Без продажу софту — 15 хв, щоб зрозуміти, чи релевантно для вас. Відкриті до короткої розмови?","[Ім'я], нагадаю про себе. Якщо тема дзвінків приймальної зараз не на часі — скажіть, не відволікатиму. Якщо актуально — 15 хв вистачить, щоб зрозуміти, чи є сенс.","Трендовая аудитория покупает на эмоциях — в звонке видно, где эта эмоция гаснет.","[Имя], здравствуйте! Смотрю для онлайн-школ, где в звонках с заявками теряются оплаты. Трендовая аудитория покупает на эмоциях — в звонке видно, где эта эмоция гаснет. Без продажи софта — 15 мин, чтобы понять, релевантно ли для вас. Открыты к короткому разговору?","[Имя], напомню о себе. Если тема звонков приёмной сейчас не ко времени — скажите, не буду отвлекать. Если актуально — 15 минут хватит, чтобы понять, есть ли смысл.",new
Booster,professional,Owner / Head of Sales,C,"""Booster"" (курси) (founder OR sales) Ukraine",існування/модель; домен,Telegram > Instagram,"Якщо у вас продаж через менеджера — покажу, де саме в дзвінку втрачається оплата.","[Ім'я], вітаю! Дивлюся для онлайн-шкіл, де в дзвінках із заявками втрачаються оплати. Якщо у вас продаж через менеджера — покажу, де саме в дзвінку втрачається оплата. Без продажу софту — 15 хв, щоб зрозуміти, чи релевантно для вас. Відкриті до короткої розмови?","[Ім'я], нагадаю про себе. Якщо тема дзвінків приймальної зараз не на часі — скажіть, не відволікатиму. Якщо актуально — 15 хв вистачить, щоб зрозуміти, чи є сенс.","Если у вас продажа через менеджера — покажу, где именно в звонке теряется оплата.","[Имя], здравствуйте! Смотрю для онлайн-школ, где в звонках с заявками теряются оплаты. Если у вас продажа через менеджера — покажу, где именно в звонке теряется оплата. Без продажи софта — 15 мин, чтобы понять, релевантно ли для вас. Открыты к короткому разговору?","[Имя], напомню о себе. Если тема звонков приёмной сейчас не ко времени — скажите, не буду отвлекать. Если актуально — 15 минут хватит, чтобы понять, есть ли смысл.",new
ELVTR,professional,Head of Sales,C,"""ELVTR"" ""Head of Sales""",ринок (US/UK) vs UA — чи наш ICP,LinkedIn > Email,"Висока ціна й довгий діалог означають, що дзвінок майже завжди визначає угоду.","[Ім'я], вітаю! Допомагаю онлайн-школам побачити, де частина заявок не доходить до оплати через самі дзвінки. Висока ціна й довгий діалог означають, що дзвінок майже завжди визначає угоду. За 15 хв покажу підхід і чесно скажу, чи вам це зараз потрібно. Цікаво коротко перевірити релевантність?","[Ім'я], нагадаю про себе. Якщо тема дзвінків приймальної зараз не на часі — скажіть, не відволікатиму. Якщо актуально — 15 хв вистачить, щоб зрозуміти, чи є сенс.","Высокая цена и длинный диалог означают, что звонок почти всегда определяет сделку.","[Имя], здравствуйте! Помогаю онлайн-школам увидеть, где часть заявок не доходит до оплаты из-за самих звонков. Высокая цена и длинный диалог означают, что звонок почти всегда определяет сделку. За 15 мин покажу подход и честно скажу, нужно ли вам это сейчас. Интересно коротко проверить релевантность?","[Имя], напомню о себе. Если тема звонков приёмной сейчас не ко времени — скажите, не буду отвлекать. Если актуально — 15 минут хватит, чтобы понять, есть ли смысл.",new
Green Forest,English,Head of Sales / Owner,A,"(""Green Forest"" англійськ) (""Head of Sales"" OR owner)",ЛПР; обсяг заявок,Instagram > Email > LinkedIn,У вас безкоштовний пробний урок — конверсія з нього в оплату і є головною точкою втрати.,"[Ім'я], вітаю! Роблю для онлайн-шкіл розбір дзвінків приймальної — де між заявкою й оплатою втрачається виручка. У вас безкоштовний пробний урок — конверсія з нього в оплату і є головною точкою втрати. Софт не продаю. Хочу за 15 хв перевірити, чи це релевантно для Green Forest. Знайдемо час цього тижня?","[Ім'я], нагадаю про себе. Якщо тема дзвінків приймальної зараз не на часі — скажіть, не відволікатиму. Якщо актуально — 15 хв вистачить, щоб зрозуміти, чи є сенс.",У вас бесплатный пробный урок — конверсия из него в оплату и есть главная точка потери.,"[Имя], здравствуйте! Делаю для онлайн-школ разбор звонков приёмной — где между заявкой и оплатой теряется выручка. У вас бесплатный пробный урок — конверсия из него в оплату и есть главная точка потери. Софт не продаю. Хочу за 15 мин проверить, релевантно ли это для Green Forest. Найдём время на этой неделе?","[Имя], напомню о себе. Если тема звонков приёмной сейчас не ко времени — скажите, не буду отвлекать. Если актуально — 15 минут хватит, чтобы понять, есть ли смысл.",new
EnglishDom,English,Head of Sales / CMO,A,"(""EnglishDom"") (""Head of Sales"" OR CMO)",UA vs глобальна воронка; ЛПР,LinkedIn > Email,При вашому потоці лідів навіть невеликий % втрати в дзвінку — це відчутні гроші.,"[Ім'я], вітаю! Роблю для онлайн-шкіл розбір дзвінків приймальної — де між заявкою й оплатою втрачається виручка. При вашому потоці лідів навіть невеликий % втрати в дзвінку — це відчутні гроші. Софт не продаю. Хочу за 15 хв перевірити, чи це релевантно для EnglishDom. Знайдемо час цього тижня?","[Ім'я], нагадаю про себе. Якщо тема дзвінків приймальної зараз не на часі — скажіть, не відволікатиму. Якщо актуально — 15 хв вистачить, щоб зрозуміти, чи є сенс.",При вашем потоке лидов даже небольшой % потери в звонке — это ощутимые деньги.,"[Имя], здравствуйте! Делаю для онлайн-школ разбор звонков приёмной — где между заявкой и оплатой теряется выручка. При вашем потоке лидов даже небольшой % потери в звонке — это ощутимые деньги. Софт не продаю. Хочу за 15 мин проверить, релевантно ли это для EnglishDom. Найдём время на этой неделе?","[Имя], напомню о себе. Если тема звонков приёмной сейчас не ко времени — скажите, не буду отвлекать. Если актуально — 15 минут хватит, чтобы понять, есть ли смысл.",new
Grade Education Centre,English,Owner / Head of Sales,B,"(""Grade Education"") (owner OR ""Head of Sales"") Ukraine",онлайн-продаж через дзвінок; домен,Email > Instagram,У преміальному сегменті перший дзвінок формує довіру і ціну рішення — там і ризик.,"[Ім'я], вітаю! Допомагаю онлайн-школам побачити, де частина заявок не доходить до оплати через самі дзвінки. У преміальному сегменті перший дзвінок формує довіру і ціну рішення — там і ризик. За 15 хв покажу підхід і чесно скажу, чи вам це зараз потрібно. Цікаво коротко перевірити релевантність?","[Ім'я], нагадаю про себе. Якщо тема дзвінків приймальної зараз не на часі — скажіть, не відволікатиму. Якщо актуально — 15 хв вистачить, щоб зрозуміти, чи є сенс.",В премиальном сегменте первый звонок формирует доверие и цену решения — там и риск.,"[Имя], здравствуйте! Помогаю онлайн-школам увидеть, где часть заявок не доходит до оплаты из-за самих звонков. В премиальном сегменте первый звонок формирует доверие и цену решения — там и риск. За 15 мин покажу подход и честно скажу, нужно ли вам это сейчас. Интересно коротко проверить релевантность?","[Имя], напомню о себе. Если тема звонков приёмной сейчас не ко времени — скажите, не буду отвлекать. Если актуально — 15 минут хватит, чтобы понять, есть ли смысл.",new
Cambridge.ua,English,Owner / Sales,B,"(""Cambridge"" англійськ Ukraine) (owner OR sales)",яка саме Cambridge; домен,Email > Instagram,"Розрив «сподобалось, але не купив» найчастіше народжується в дзвінку після пробного.","[Ім'я], вітаю! Допомагаю онлайн-школам побачити, де частина заявок не доходить до оплати через самі дзвінки. Розрив «сподобалось, але не купив» найчастіше народжується в дзвінку після пробного. За 15 хв покажу підхід і чесно скажу, чи вам це зараз потрібно. Цікаво коротко перевірити релевантність?","[Ім'я], нагадаю про себе. Якщо тема дзвінків приймальної зараз не на часі — скажіть, не відволікатиму. Якщо актуально — 15 хв вистачить, щоб зрозуміти, чи є сенс.","Разрыв «понравилось, но не купил» чаще всего рождается в звонке после пробного.","[Имя], здравствуйте! Помогаю онлайн-школам увидеть, где часть заявок не доходит до оплаты из-за самих звонков. Разрыв «понравилось, но не купил» чаще всего рождается в звонке после пробного. За 15 мин покажу подход и честно скажу, нужно ли вам это сейчас. Интересно коротко проверить релевантность?","[Имя], напомню о себе. Если тема звонков приёмной сейчас не ко времени — скажите, не буду отвлекать. Если актуально — 15 минут хватит, чтобы понять, есть ли смысл.",new
English Prime,English,Owner / Sales,B,"(""English Prime"" Ukraine) (owner OR sales)",розмір; чи є відділ продажів,Instagram > Email,Recurring-формат: відпрацьовка на старті впливає на LTV на місяці вперед.,"[Ім'я], вітаю! Дивлюся для онлайн-шкіл, де в дзвінках із заявками втрачаються оплати. Recurring-формат: відпрацьовка на старті впливає на LTV на місяці вперед. Без продажу софту — 15 хв, щоб зрозуміти, чи релевантно для вас. Відкриті до короткої розмови?","[Ім'я], нагадаю про себе. Якщо тема дзвінків приймальної зараз не на часі — скажіть, не відволікатиму. Якщо актуально — 15 хв вистачить, щоб зрозуміти, чи є сенс.",Recurring-формат: отработка на старте влияет на LTV на месяцы вперёд.,"[Имя], здравствуйте! Смотрю для онлайн-школ, где в звонках с заявками теряются оплаты. Recurring-формат: отработка на старте влияет на LTV на месяцы вперёд. Без продажи софта — 15 мин, чтобы понять, релевантно ли для вас. Открыты к короткому разговору?","[Имя], напомню о себе. Если тема звонков приёмной сейчас не ко времени — скажите, не буду отвлекать. Если актуально — 15 минут хватит, чтобы понять, есть ли смысл.",new
Empire English School,English,Owner / Sales,C,"(""Empire English School"") (owner OR sales)",обсяг; домен,Instagram > Email,"Пробний урок проходить добре, а оплати немає — питання саме в дзвінку після нього.","[Ім'я], вітаю! Дивлюся для онлайн-шкіл, де в дзвінках із заявками втрачаються оплати. Пробний урок проходить добре, а оплати немає — питання саме в дзвінку після нього. Без продажу софту — 15 хв, щоб зрозуміти, чи релевантно для вас. Відкриті до короткої розмови?","[Ім'я], нагадаю про себе. Якщо тема дзвінків приймальної зараз не на часі — скажіть, не відволікатиму. Якщо актуально — 15 хв вистачить, щоб зрозуміти, чи є сенс.","Пробный урок проходит хорошо, а оплаты нет — вопрос именно в звонке после него.","[Имя], здравствуйте! Смотрю для онлайн-школ, где в звонках с заявками теряются оплаты. Пробный урок проходит хорошо, а оплаты нет — вопрос именно в звонке после него. Без продажи софта — 15 мин, чтобы понять, релевантно ли для вас. Открыты к короткому разговору?","[Имя], напомню о себе. Если тема звонков приёмной сейчас не ко времени — скажите, не буду отвлекать. Если актуально — 15 минут хватит, чтобы понять, есть ли смысл.",new
Allright,English,Head of Sales,B,"""Allright"" (""Head of Sales"" OR sales) English",UA-команда продажів; домен,LinkedIn > Instagram,"Дзвінок батькам — це продаж довіри, а не курсу, і саме там вона найчастіше втрачається.","[Ім'я], вітаю! Допомагаю онлайн-школам побачити, де частина заявок не доходить до оплати через самі дзвінки. Дзвінок батькам — це продаж довіри, а не курсу, і саме там вона найчастіше втрачається. За 15 хв покажу підхід і чесно скажу, чи вам це зараз потрібно. Цікаво коротко перевірити релевантність?","[Ім'я], нагадаю про себе. Якщо тема дзвінків приймальної зараз не на часі — скажіть, не відволікатиму. Якщо актуально — 15 хв вистачить, щоб зрозуміти, чи є сенс.","Звонок родителям — это продажа доверия, а не курса, и именно там оно чаще всего теряется.","[Имя], здравствуйте! Помогаю онлайн-школам увидеть, где часть заявок не доходит до оплаты из-за самих звонков. Звонок родителям — это продажа доверия, а не курса, и именно там оно чаще всего теряется. За 15 мин покажу подход и честно скажу, нужно ли вам это сейчас. Интересно коротко проверить релевантность?","[Имя], напомню о себе. Если тема звонков приёмной сейчас не ко времени — скажите, не буду отвлекать. Если актуально — 15 минут хватит, чтобы понять, есть ли смысл.",new
Novakid,English,Head of Sales,B,"""Novakid"" (""Head of Sales"" OR sales)",де UA-команда; релевантність ринку,LinkedIn > Email,"Високий LTV дитини означає, що одна врятована родина окуповує аудит багаторазово.","[Ім'я], вітаю! Допомагаю онлайн-школам побачити, де частина заявок не доходить до оплати через самі дзвінки. Високий LTV дитини означає, що одна врятована родина окуповує аудит багаторазово. За 15 хв покажу підхід і чесно скажу, чи вам це зараз потрібно. Цікаво коротко перевірити релевантність?","[Ім'я], нагадаю про себе. Якщо тема дзвінків приймальної зараз не на часі — скажіть, не відволікатиму. Якщо актуально — 15 хв вистачить, щоб зрозуміти, чи є сенс.","Высокий LTV ребёнка означает, что одна спасённая семья окупает аудит многократно.","[Имя], здравствуйте! Помогаю онлайн-школам увидеть, где часть заявок не доходит до оплаты из-за самих звонков. Высокий LTV ребёнка означает, что одна спасённая семья окупает аудит многократно. За 15 мин покажу подход и честно скажу, нужно ли вам это сейчас. Интересно коротко проверить релевантность?","[Имя], напомню о себе. Если тема звонков приёмной сейчас не ко времени — скажите, не буду отвлекать. Если актуально — 15 минут хватит, чтобы понять, есть ли смысл.",new
Speak Up / Speakout,English,Owner / Sales,C,"(""Speak Up"" OR Speakout English Ukraine) (owner OR sales)",яка саме мережа; домен,Instagram > Email,"Trial плюс консультація — і саме в тому дзвінку вирішується, буде оплата чи ні.","[Ім'я], вітаю! Дивлюся для онлайн-шкіл, де в дзвінках із заявками втрачаються оплати. Trial плюс консультація — і саме в тому дзвінку вирішується, буде оплата чи ні. Без продажу софту — 15 хв, щоб зрозуміти, чи релевантно для вас. Відкриті до короткої розмови?","[Ім'я], нагадаю про себе. Якщо тема дзвінків приймальної зараз не на часі — скажіть, не відволікатиму. Якщо актуально — 15 хв вистачить, щоб зрозуміти, чи є сенс.","Trial плюс консультация — и именно в том звонке решается, будет оплата или нет.","[Имя], здравствуйте! Смотрю для онлайн-школ, где в звонках с заявками теряются оплаты. Trial плюс консультация — и именно в том звонке решается, будет оплата или нет. Без продажи софта — 15 мин, чтобы понять, релевантно ли для вас. Открыты к короткому разговору?","[Имя], напомню о себе. Если тема звонков приёмной сейчас не ко времени — скажите, не буду отвлекать. Если актуально — 15 минут хватит, чтобы понять, есть ли смысл.",new
Vocabulaba (Laba Group),English,Head of Sales,B,"(""Vocabulaba"" OR ""Laba Group"") ""продажів""",окрема воронка; ЛПР,LinkedIn > Email,English для професій із recurring-оплатою — старт у дзвінку впливає на LTV надовго.,"[Ім'я], вітаю! Допомагаю онлайн-школам побачити, де частина заявок не доходить до оплати через самі дзвінки. English для професій із recurring-оплатою — старт у дзвінку впливає на LTV надовго. За 15 хв покажу підхід і чесно скажу, чи вам це зараз потрібно. Цікаво коротко перевірити релевантність?","[Ім'я], нагадаю про себе. Якщо тема дзвінків приймальної зараз не на часі — скажіть, не відволікатиму. Якщо актуально — 15 хв вистачить, щоб зрозуміти, чи є сенс.",English для профессий с recurring-оплатой — старт в звонке влияет на LTV надолго.,"[Имя], здравствуйте! Помогаю онлайн-школам увидеть, где часть заявок не доходит до оплаты из-за самих звонков. English для профессий с recurring-оплатой — старт в звонке влияет на LTV надолго. За 15 мин покажу подход и честно скажу, нужно ли вам это сейчас. Интересно коротко проверить релевантность?","[Имя], напомню о себе. Если тема звонков приёмной сейчас не ко времени — скажите, не буду отвлекать. Если актуально — 15 минут хватит, чтобы понять, есть ли смысл.",new
Optima (Оптіма),NMT/distance,Owner / Head of Admissions,A,"(""Optima"" OR Оптіма дистанційна школа) (директор OR admissions)",чи платний запис через дзвінок; ЛПР,Email > Instagram > LinkedIn,"Сезон вступу стиснутий — заявка, втрачена в дзвінку зараз, навряд чи повернеться згодом.","[Ім'я], вітаю! Роблю для онлайн-шкіл розбір дзвінків приймальної — де між заявкою й оплатою втрачається виручка. Сезон вступу стиснутий — заявка, втрачена в дзвінку зараз, навряд чи повернеться згодом. Софт не продаю. Хочу за 15 хв перевірити, чи це релевантно для Optima (Оптіма). Знайдемо час цього тижня?","[Ім'я], нагадаю про себе. Якщо тема дзвінків приймальної зараз не на часі — скажіть, не відволікатиму. Якщо актуально — 15 хв вистачить, щоб зрозуміти, чи є сенс.","Сезон поступления сжатый — заявка, потерянная в звонке сейчас, вряд ли вернётся позже.","[Имя], здравствуйте! Делаю для онлайн-школ разбор звонков приёмной — где между заявкой и оплатой теряется выручка. Сезон поступления сжатый — заявка, потерянная в звонке сейчас, вряд ли вернётся позже. Софт не продаю. Хочу за 15 мин проверить, релевантно ли это для Optima (Оптіма). Найдём время на этой неделе?","[Имя], напомню о себе. Если тема звонков приёмной сейчас не ко времени — скажите, не буду отвлекать. Если актуально — 15 минут хватит, чтобы понять, есть ли смысл.",new
ThinkGlobal,NMT/distance,Owner / Admissions,B,"(""ThinkGlobal"" дистанційна школа) (директор OR admissions)",воронка запису; ЛПР; домен,Email > Instagram,"Преміальна школа — рішення про вступ дороге, і його якість залежить від одного дзвінка приймальної.","[Ім'я], вітаю! Допомагаю онлайн-школам побачити, де частина заявок не доходить до оплати через самі дзвінки. Преміальна школа — рішення про вступ дороге, і його якість залежить від одного дзвінка приймальної. За 15 хв покажу підхід і чесно скажу, чи вам це зараз потрібно. Цікаво коротко перевірити релевантність?","[Ім'я], нагадаю про себе. Якщо тема дзвінків приймальної зараз не на часі — скажіть, не відволікатиму. Якщо актуально — 15 хв вистачить, щоб зрозуміти, чи є сенс.","Премиальная школа — решение о поступлении дорогое, и его качество зависит от одного звонка приёмной.","[Имя], здравствуйте! Помогаю онлайн-школам увидеть, где часть заявок не доходит до оплаты из-за самих звонков. Премиальная школа — решение о поступлении дорогое, и его качество зависит от одного звонка приёмной. За 15 мин покажу подход и честно скажу, нужно ли вам это сейчас. Интересно коротко проверить релевантность?","[Имя], напомню о себе. Если тема звонков приёмной сейчас не ко времени — скажите, не буду отвлекать. Если актуально — 15 минут хватит, чтобы понять, есть ли смысл.",new
Атмосферна школа,NMT/distance,Owner / Sales,B,"(""Атмосферна школа"" OR ""Atmosphere school"") директор",обсяг продажів; домен,Email > Instagram,"Рішення про вступ приймає батько по телефону — якість одного дзвінка впливає і на вступ, і на виручку.","[Ім'я], вітаю! Допомагаю онлайн-школам побачити, де частина заявок не доходить до оплати через самі дзвінки. Рішення про вступ приймає батько по телефону — якість одного дзвінка впливає і на вступ, і на виручку. За 15 хв покажу підхід і чесно скажу, чи вам це зараз потрібно. Цікаво коротко перевірити релевантність?","[Ім'я], нагадаю про себе. Якщо тема дзвінків приймальної зараз не на часі — скажіть, не відволікатиму. Якщо актуально — 15 хв вистачить, щоб зрозуміти, чи є сенс.","Решение о поступлении принимает родитель по телефону — качество одного звонка влияет и на поступление, и на выручку.","[Имя], здравствуйте! Помогаю онлайн-школам увидеть, где часть заявок не доходит до оплаты из-за самих звонков. Решение о поступлении принимает родитель по телефону — качество одного звонка влияет и на поступление, и на выручку. За 15 мин покажу подход и честно скажу, нужно ли вам это сейчас. Интересно коротко проверить релевантность?","[Имя], напомню о себе. Если тема звонков приёмной сейчас не ко времени — скажите, не буду отвлекать. Если актуально — 15 минут хватит, чтобы понять, есть ли смысл.",new
JAMM School,NMT/distance,Owner,C,"(""JAMM School"" Ukraine) директор",модель; домен,Email > Instagram,Запис у школу йде через консультацію — і частина вступників вирішує саме там.,"[Ім'я], вітаю! Дивлюся для онлайн-шкіл, де в дзвінках із заявками втрачаються оплати. Запис у школу йде через консультацію — і частина вступників вирішує саме там. Без продажу софту — 15 хв, щоб зрозуміти, чи релевантно для вас. Відкриті до короткої розмови?","[Ім'я], нагадаю про себе. Якщо тема дзвінків приймальної зараз не на часі — скажіть, не відволікатиму. Якщо актуально — 15 хв вистачить, щоб зрозуміти, чи є сенс.",Запись в школу идёт через консультацию — и часть поступающих решает именно там.,"[Имя], здравствуйте! Смотрю для онлайн-школ, где в звонках с заявками теряются оплаты. Запись в школу идёт через консультацию — и часть поступающих решает именно там. Без продажи софта — 15 мин, чтобы понять, релевантно ли для вас. Открыты к короткому разговору?","[Имя], напомню о себе. Если тема звонков приёмной сейчас не ко времени — скажите, не буду отвлекать. Если актуально — 15 минут хватит, чтобы понять, есть ли смысл.",new
Liko Education Online,NMT/distance,Owner / Admissions,C,"(""Liko Education"" Ukraine) (директор OR admissions)",існування/статус; домен,Email > Instagram,У преміум-сегменті перший контакт із приймальною формує довіру — там і ризик втратити родину.,"[Ім'я], вітаю! Дивлюся для онлайн-шкіл, де в дзвінках із заявками втрачаються оплати. У преміум-сегменті перший контакт із приймальною формує довіру — там і ризик втратити родину. Без продажу софту — 15 хв, щоб зрозуміти, чи релевантно для вас. Відкриті до короткої розмови?","[Ім'я], нагадаю про себе. Якщо тема дзвінків приймальної зараз не на часі — скажіть, не відволікатиму. Якщо актуально — 15 хв вистачить, щоб зрозуміти, чи є сенс.",В премиум-сегменте первый контакт с приёмной формирует доверие — там и риск потерять семью.,"[Имя], здравствуйте! Смотрю для онлайн-школ, где в звонках с заявками теряются оплаты. В премиум-сегменте первый контакт с приёмной формирует доверие — там и риск потерять семью. Без продажи софта — 15 мин, чтобы понять, релевантно ли для вас. Открыты к короткому разговору?","[Имя], напомню о себе. Если тема звонков приёмной сейчас не ко времени — скажите, не буду отвлекать. Если актуально — 15 минут хватит, чтобы понять, есть ли смысл.",new
Unicorn School,NMT/distance,Owner / Sales,C,"(""Unicorn School"" Ukraine онлайн) директор",обсяг; домен,Instagram > Email,"Батьківський дзвінок визначає вступ — у ньому добре видно, де саме втрачається довіра.","[Ім'я], вітаю! Дивлюся для онлайн-шкіл, де в дзвінках із заявками втрачаються оплати. Батьківський дзвінок визначає вступ — у ньому добре видно, де саме втрачається довіра. Без продажу софту — 15 хв, щоб зрозуміти, чи релевантно для вас. Відкриті до короткої розмови?","[Ім'я], нагадаю про себе. Якщо тема дзвінків приймальної зараз не на часі — скажіть, не відволікатиму. Якщо актуально — 15 хв вистачить, щоб зрозуміти, чи є сенс.","Родительский звонок определяет поступление — в нём хорошо видно, где именно теряется доверие.","[Имя], здравствуйте! Смотрю для онлайн-школ, где в звонках с заявками теряются оплаты. Родительский звонок определяет поступление — в нём хорошо видно, где именно теряется доверие. Без продажи софта — 15 мин, чтобы понять, релевантно ли для вас. Открыты к короткому разговору?","[Имя], напомню о себе. Если тема звонков приёмной сейчас не ко времени — скажите, не буду отвлекать. Если актуально — 15 минут хватит, чтобы понять, есть ли смысл.",new
Kebeta Online,NMT/distance,Owner / Admissions,C,"(""Kebeta"" дистанційна школа Ukraine) admissions",статус; домен,Email > Instagram,На піку сезону приймальна не встигає опрацювати всі гарячі заявки — частина залишається без відповіді.,"[Ім'я], вітаю! Дивлюся для онлайн-шкіл, де в дзвінках із заявками втрачаються оплати. На піку сезону приймальна не встигає опрацювати всі гарячі заявки — частина залишається без відповіді. Без продажу софту — 15 хв, щоб зрозуміти, чи релевантно для вас. Відкриті до короткої розмови?","[Ім'я], нагадаю про себе. Якщо тема дзвінків приймальної зараз не на часі — скажіть, не відволікатиму. Якщо актуально — 15 хв вистачить, щоб зрозуміти, чи є сенс.",На пике сезона приёмная не успевает обработать все горячие заявки — часть остаётся без ответа.,"[Имя], здравствуйте! Смотрю для онлайн-школ, где в звонках с заявками теряются оплаты. На пике сезона приёмная не успевает обработать все горячие заявки — часть остаётся без ответа. Без продажи софта — 15 мин, чтобы понять, релевантно ли для вас. Открыты к короткому разговору?","[Имя], напомню о себе. Если тема звонков приёмной сейчас не ко времени — скажите, не буду отвлекать. Если актуально — 15 минут хватит, чтобы понять, есть ли смысл.",new
BeSmart,NMT/distance,Owner,C,"(""BeSmart"" підготовка Ukraine) (засновник OR директор)",розмір (можливо малий); домен,Telegram > Instagram,"Попит сезонний — і саме на піку, коли заявок найбільше, втрачається найбільше виручки в дзвінках.","[Ім'я], вітаю! Дивлюся для онлайн-шкіл, де в дзвінках із заявками втрачаються оплати. Попит сезонний — і саме на піку, коли заявок найбільше, втрачається найбільше виручки в дзвінках. Без продажу софту — 15 хв, щоб зрозуміти, чи релевантно для вас. Відкриті до короткої розмови?","[Ім'я], нагадаю про себе. Якщо тема дзвінків приймальної зараз не на часі — скажіть, не відволікатиму. Якщо актуально — 15 хв вистачить, щоб зрозуміти, чи є сенс.","Спрос сезонный — и именно на пике, когда заявок больше всего, теряется больше всего выручки в звонках.","[Имя], здравствуйте! Смотрю для онлайн-школ, где в звонках с заявками теряются оплаты. Спрос сезонный — и именно на пике, когда заявок больше всего, теряется больше всего выручки в звонках. Без продажи софта — 15 мин, чтобы понять, релевантно ли для вас. Открыты к короткому разговору?","[Имя], напомню о себе. Если тема звонков приёмной сейчас не ко времени — скажите, не буду отвлекать. Если актуально — 15 минут хватит, чтобы понять, есть ли смысл.",new
Soborna School,NMT/distance,Owner / Admissions,C,"(""Soborna School"" OR ""Соборна школа"") admissions",існування/статус; домен,Email > Instagram,"У дистанційній школі батьківський дзвінок — ключ до вступу, тож кожен слабкий діалог дорого коштує.","[Ім'я], вітаю! Дивлюся для онлайн-шкіл, де в дзвінках із заявками втрачаються оплати. У дистанційній школі батьківський дзвінок — ключ до вступу, тож кожен слабкий діалог дорого коштує. Без продажу софту — 15 хв, щоб зрозуміти, чи релевантно для вас. Відкриті до короткої розмови?","[Ім'я], нагадаю про себе. Якщо тема дзвінків приймальної зараз не на часі — скажіть, не відволікатиму. Якщо актуально — 15 хв вистачить, щоб зрозуміти, чи є сенс.","В дистанционной школе родительский звонок — ключ к поступлению, поэтому каждый слабый диалог дорого стоит.","[Имя], здравствуйте! Смотрю для онлайн-школ, где в звонках с заявками теряются оплаты. В дистанционной школе родительский звонок — ключ к поступлению, поэтому каждый слабый диалог дорого стоит. Без продажи софта — 15 мин, чтобы понять, релевантно ли для вас. Открыты к короткому разговору?","[Имя], напомню о себе. Если тема звонков приёмной сейчас не ко времени — скажите, не буду отвлекать. Если актуально — 15 минут хватит, чтобы понять, есть ли смысл.",new
Школа «Світ Знань»,NMT/distance,Owner / Admissions,C,"(""Світ знань"" школа дистанційна) admissions",існування/назва/домен,Email > Instagram,"Запис у школу йде через консультацію — і саме той дзвінок впливає, чи залишиться родина у вас.","[Ім'я], вітаю! Дивлюся для онлайн-шкіл, де в дзвінках із заявками втрачаються оплати. Запис у школу йде через консультацію — і саме той дзвінок впливає, чи залишиться родина у вас. Без продажу софту — 15 хв, щоб зрозуміти, чи релевантно для вас. Відкриті до короткої розмови?","[Ім'я], нагадаю про себе. Якщо тема дзвінків приймальної зараз не на часі — скажіть, не відволікатиму. Якщо актуально — 15 хв вистачить, щоб зрозуміти, чи є сенс.","Запись в школу идёт через консультацию — и именно тот звонок влияет, останется ли семья у вас.","[Имя], здравствуйте! Смотрю для онлайн-школ, где в звонках с заявками теряются оплаты. Запись в школу идёт через консультацию — и именно тот звонок влияет, останется ли семья у вас. Без продажи софта — 15 мин, чтобы понять, релевантно ли для вас. Открыты к короткому разговору?","[Имя], напомню о себе. Если тема звонков приёмной сейчас не ко времени — скажите, не буду отвлекать. Если актуально — 15 минут хватит, чтобы понять, есть ли смысл.",new
GoITeens,children,Head of Sales / Marketing Lead,A,"""GoITeens"" (""Head of Sales"" OR Marketing)",ЛПР; CRM,LinkedIn > Instagram,"Рішення приймає батько по телефону — один дзвінок впливає і на запис дитини, і на вашу виручку.","[Ім'я], вітаю! Роблю для онлайн-шкіл розбір дзвінків приймальної — де між заявкою й оплатою втрачається виручка. Рішення приймає батько по телефону — один дзвінок впливає і на запис дитини, і на вашу виручку. Софт не продаю. Хочу за 15 хв перевірити, чи це релевантно для GoITeens. Знайдемо час цього тижня?","[Ім'я], нагадаю про себе. Якщо тема дзвінків приймальної зараз не на часі — скажіть, не відволікатиму. Якщо актуально — 15 хв вистачить, щоб зрозуміти, чи є сенс.","Решение принимает родитель по телефону — один звонок влияет и на запись ребёнка, и на вашу выручку.","[Имя], здравствуйте! Делаю для онлайн-школ разбор звонков приёмной — где между заявкой и оплатой теряется выручка. Решение принимает родитель по телефону — один звонок влияет и на запись ребёнка, и на вашу выручку. Софт не продаю. Хочу за 15 мин проверить, релевантно ли это для GoITeens. Найдём время на этой неделе?","[Имя], напомню о себе. Если тема звонков приёмной сейчас не ко времени — скажите, не буду отвлекать. Если актуально — 15 минут хватит, чтобы понять, есть ли смысл.",new
Logika,children,Head of Sales,B,"""Logika"" (""Head of Sales"" OR продажів) діти",централізація продажів; домен,Instagram > LinkedIn,"Пробне заняття проходить добре, а оплати немає — питання завжди в дзвінку після нього.","[Ім'я], вітаю! Допомагаю онлайн-школам побачити, де частина заявок не доходить до оплати через самі дзвінки. Пробне заняття проходить добре, а оплати немає — питання завжди в дзвінку після нього. За 15 хв покажу підхід і чесно скажу, чи вам це зараз потрібно. Цікаво коротко перевірити релевантність?","[Ім'я], нагадаю про себе. Якщо тема дзвінків приймальної зараз не на часі — скажіть, не відволікатиму. Якщо актуально — 15 хв вистачить, щоб зрозуміти, чи є сенс.","Пробное занятие проходит хорошо, а оплаты нет — вопрос всегда в звонке после него.","[Имя], здравствуйте! Помогаю онлайн-школам увидеть, где часть заявок не доходит до оплаты из-за самих звонков. Пробное занятие проходит хорошо, а оплаты нет — вопрос всегда в звонке после него. За 15 мин покажу подход и честно скажу, нужно ли вам это сейчас. Интересно коротко проверить релевантность?","[Имя], напомню о себе. Если тема звонков приёмной сейчас не ко времени — скажите, не буду отвлекать. Если актуально — 15 минут хватит, чтобы понять, есть ли смысл.",new
Kodland,children,Head of Sales,B,"""Kodland"" (""Head of Sales"" OR sales)",UA-команда продажів; релевантність,Instagram > LinkedIn,"Високий LTV дитини означає, що батьківський дзвінок вирішує дуже багато за один контакт.","[Ім'я], вітаю! Допомагаю онлайн-школам побачити, де частина заявок не доходить до оплати через самі дзвінки. Високий LTV дитини означає, що батьківський дзвінок вирішує дуже багато за один контакт. За 15 хв покажу підхід і чесно скажу, чи вам це зараз потрібно. Цікаво коротко перевірити релевантність?","[Ім'я], нагадаю про себе. Якщо тема дзвінків приймальної зараз не на часі — скажіть, не відволікатиму. Якщо актуально — 15 хв вистачить, щоб зрозуміти, чи є сенс.","Высокий LTV ребёнка означает, что родительский звонок решает очень многое за один контакт.","[Имя], здравствуйте! Помогаю онлайн-школам увидеть, где часть заявок не доходит до оплаты из-за самих звонков. Высокий LTV ребёнка означает, что родительский звонок решает очень многое за один контакт. За 15 мин покажу подход и честно скажу, нужно ли вам это сейчас. Интересно коротко проверить релевантность?","[Имя], напомню о себе. Если тема звонков приёмной сейчас не ко времени — скажите, не буду отвлекать. Если актуально — 15 минут хватит, чтобы понять, есть ли смысл.",new
Mathema,children,Owner / Sales,C,"""Mathema"" (математика діти Ukraine) (owner OR sales)",модель продажів; домен,Instagram > Email,Після пробного йде дожим — і саме в дзвінку найчастіше вирішується перехід в оплату.,"[Ім'я], вітаю! Дивлюся для онлайн-шкіл, де в дзвінках із заявками втрачаються оплати. Після пробного йде дожим — і саме в дзвінку найчастіше вирішується перехід в оплату. Без продажу софту — 15 хв, щоб зрозуміти, чи релевантно для вас. Відкриті до короткої розмови?","[Ім'я], нагадаю про себе. Якщо тема дзвінків приймальної зараз не на часі — скажіть, не відволікатиму. Якщо актуально — 15 хв вистачить, щоб зрозуміти, чи є сенс.",После пробного идёт дожим — и именно в звонке чаще всего решается переход в оплату.,"[Имя], здравствуйте! Смотрю для онлайн-школ, где в звонках с заявками теряются оплаты. После пробного идёт дожим — и именно в звонке чаще всего решается переход в оплату. Без продажи софта — 15 мин, чтобы понять, релевантно ли для вас. Открыты к короткому разговору?","[Имя], напомню о себе. Если тема звонков приёмной сейчас не ко времени — скажите, не буду отвлекать. Если актуально — 15 минут хватит, чтобы понять, есть ли смысл.",new
BoostCamp,children,Owner / Sales,C,"""BoostCamp"" (діти OR підлітки Ukraine) (owner OR sales)",існування/модель; домен,Instagram > Telegram,"Батьківський дзвінок — це продаж довіри, і в ньому добре видно, де ви її втрачаєте.","[Ім'я], вітаю! Дивлюся для онлайн-шкіл, де в дзвінках із заявками втрачаються оплати. Батьківський дзвінок — це продаж довіри, і в ньому добре видно, де ви її втрачаєте. Без продажу софту — 15 хв, щоб зрозуміти, чи релевантно для вас. Відкриті до короткої розмови?","[Ім'я], нагадаю про себе. Якщо тема дзвінків приймальної зараз не на часі — скажіть, не відволікатиму. Якщо актуально — 15 хв вистачить, щоб зрозуміти, чи є сенс.","Родительский звонок — это продажа доверия, и в нём хорошо видно, где вы её теряете.","[Имя], здравствуйте! Смотрю для онлайн-школ, где в звонках с заявками теряются оплаты. Родительский звонок — это продажа доверия, и в нём хорошо видно, где вы её теряете. Без продажи софта — 15 мин, чтобы понять, релевантно ли для вас. Открыты к короткому разговору?","[Имя], напомню о себе. Если тема звонков приёмной сейчас не ко времени — скажите, не буду отвлекать. Если актуально — 15 минут хватит, чтобы понять, есть ли смысл.",new
